book_id,authors,original_publication_year,title,language_code,average_rating,image_url,description
1,"J.K. Rowling",1997,Harry Potter and the Philosopher's Stone,eng,4.47,https://covers.openlibrary.org/b/id/7725677-M.jpg,"A young wizard discovers his magical heritage and attends a magical school where he makes friends and faces dark forces."
2,"J.R.R. Tolkien",1954,The Fellowship of the Ring,eng,4.36,https://covers.openlibrary.org/b/id/7725678-M.jpg,"A hobbit inherits a mysterious ring and must embark on a perilous journey to destroy it in the fires of Mount Doom."
3,"Jane Austen",1813,Pride and Prejudice,eng,4.28,https://covers.openlibrary.org/b/id/7725679-M.jpg,"A spirited young woman learns the importance of humility and self-knowledge while navigating love and social expectations."
4,"Charlotte Brontë",1847,Jane Eyre,eng,4.12,https://covers.openlibrary.org/b/id/7725680-M.jpg,"An orphaned girl endures hardship and discovers love while maintaining her independence and moral integrity."
5,"Mary Shelley",1818,Frankenstein,eng,3.74,https://covers.openlibrary.org/b/id/7725681-M.jpg,"A scientist creates a living creature from dead body parts but abandons his creation leading to tragic consequences."
6,"George Orwell",1949,1984,eng,4.17,https://covers.openlibrary.org/b/id/7725682-M.jpg,"In a totalitarian future society a man attempts to rebel against an all-powerful government and its thought control."
7,"Ray Bradbury",1953,Fahrenheit 451,eng,4.02,https://covers.openlibrary.org/b/id/7725683-M.jpg,"In a future where books are burned a fireman questions his society and becomes a champion of literature and free thought."
8,"Harper Lee",1960,To Kill a Mockingbird,eng,4.27,https://covers.openlibrary.org/b/id/7725684-M.jpg,"Through the eyes of a young girl we witness the struggle against racism and the moral courage of standing up for what is right."
9,"F. Scott Fitzgerald",1925,The Great Gatsby,eng,3.89,https://covers.openlibrary.org/b/id/7725685-M.jpg,"A mysterious millionaire pursues his lost love in the Jazz Age exploring themes of wealth love and the American Dream."
10,"Dan Brown",2003,The Da Vinci Code,eng,3.83,https://covers.openlibrary.org/b/id/7725686-M.jpg,"A symbologist races against time to solve a murder mystery involving art history religious conspiracy and hidden codes."
11,"Neil Gaiman",2001,American Gods,eng,4.10,https://covers.openlibrary.org/b/id/7725687-M.jpg,"A man finds himself caught between old gods and new gods in a hidden war across America's forgotten landscapes."
12,"Ursula K. Le Guin",1969,The Left Hand of Darkness,eng,4.15,https://covers.openlibrary.org/b/id/7725688-M.jpg,"An envoy visits an alien world of ice and discovers profound truths about gender politics and human nature."
13,"Isaac Asimov",1950,Foundation,eng,4.24,https://covers.openlibrary.org/b/id/7725689-M.jpg,"A mathematician uses psychohistory to predict the future and attempt to prevent the collapse of a galactic empire."
14,"Arthur C. Clarke",1968,2001: A Space Odyssey,eng,4.09,https://covers.openlibrary.org/b/id/7725690-M.jpg,"A spacecraft crew journeys to Jupiter to investigate an alien signal grappling with artificial intelligence and cosmic mysteries."
15,"Stephen King",1977,The Shining,eng,4.24,https://covers.openlibrary.org/b/id/7725691-M.jpg,"A family isolated in a haunted hotel during winter confronts supernatural horror and the darkness within themselves."
16,"Agatha Christie",1934,Murder on the Orient Express,eng,4.25,https://covers.openlibrary.org/b/id/7725692-M.jpg,"Detective Hercule Poirot must solve a murder on a luxury train where every passenger has a motive."
17,"Alfred Döblin",1929,Berlin: Alexanderplatz,eng,3.72,https://covers.openlibrary.org/b/id/7725693-M.jpg,"A man released from prison struggles to survive in the chaotic streets of 1920s Berlin amid crime and poverty."
18,"Paulo Coelho",1988,The Alchemist,eng,3.89,https://covers.openlibrary.org/b/id/7725694-M.jpg,"A shepherd boy embarks on a journey across deserts and continents to discover his personal legend and life's purpose."
19,"Yann Martel",2001,Life of Pi,eng,3.90,https://covers.openlibrary.org/b/id/7725695-M.jpg,"A young man survives a shipwreck by sharing a lifeboat with a Bengal tiger in this tale of faith and adventure."
20,"Margaret Atwood",1985,The Handmaid's Tale,eng,4.13,https://covers.openlibrary.org/b/id/7725696-M.jpg,"In a dystopian future a woman rebels against a totalitarian regime that has stripped away women's rights and freedoms."
21,"J.K. Rowling",1997,"Harry Potter and the Philosopher's Stone","eng",4.47,"https://covers.openlibrary.org/b/id/7725677-M.jpg","A young wizard discovers his magical heritage and attends a magical school where he makes friends and faces dark forces."
22,"J.R.R. Tolkien",1954,"The Fellowship of the Ring","eng",4.36,"https://covers.openlibrary.org/b/id/7725678-M.jpg","A hobbit inherits a mysterious ring and must embark on a perilous journey to destroy it in the fires of Mount Doom."
23,"Jane Austen",1813,"Pride and Prejudice","eng",4.28,"https://covers.openlibrary.org/b/id/7725679-M.jpg","A spirited young woman learns the importance of humility and self-knowledge while navigating love and social expectations."
24,"Charlotte Brontë",1847,"Jane Eyre","eng",4.12,"https://covers.openlibrary.org/b/id/7725680-M.jpg","An orphaned girl endures hardship and discovers love while maintaining her independence and moral integrity."
25,"F. Scott Fitzgerald",1925,"The Great Gatsby","eng",3.91,"https://covers.openlibrary.org/b/id/8221256-M.jpg","A wealthy man’s obsession with love and status leads to tragedy in 1920s New York."
26,"George Orwell",1949,"Nineteen Eighty-Four","eng",4.18,"https://covers.openlibrary.org/b/id/8231234-M.jpg","A dystopian tale about totalitarianism, surveillance, and individual freedom."
27,"Mary Shelley",1818,"Frankenstein","eng",3.79,"https://covers.openlibrary.org/b/id/8231256-M.jpg","A scientist creates life, unleashing a creature that brings horror and moral questions."
28,"Mark Twain",1884,"Adventures of Huckleberry Finn","eng",3.82,"https://covers.openlibrary.org/b/id/8231278-M.jpg","A young boy and a runaway slave travel down the Mississippi River encountering adventures and moral dilemmas."
29,"Leo Tolstoy",1869,"War and Peace","eng",4.11,"https://covers.openlibrary.org/b/id/8231290-M.jpg","Epic tale of Russian society, war, and love during the Napoleonic era."
30,"Emily Dickinson",1890,"Collected Poems","eng",4.05,"https://covers.openlibrary.org/b/id/8231312-M.jpg","A collection of poems exploring nature, life, death, and human emotion."
31,"Herman Melville",1851,"Moby-Dick","eng",3.50,"https://covers.openlibrary.org/b/id/8231334-M.jpg","Captain Ahab obsessively hunts a giant whale, exploring revenge, fate, and human struggle."
32,"Louisa May Alcott",1868,"Little Women","eng",4.08,"https://covers.openlibrary.org/b/id/8231356-M.jpg","Four sisters grow up facing love, loss, and the challenges of womanhood in 19th-century America."
33,"Bram Stoker",1897,"Dracula","eng",3.97,"https://covers.openlibrary.org/b/id/8231378-M.jpg","The infamous vampire Count Dracula terrorizes England, blending horror and romance."
34,"Charles Dickens",1843,"A Christmas Carol","eng",4.25,"https://covers.openlibrary.org/b/id/8231390-M.jpg","Ebenezer Scrooge is visited by three ghosts who teach him the value of generosity and kindness."
35,"Suzanne Collins",2008,"The Hunger Games","eng",4.33,"https://covers.openlibrary.org/b/id/8231412-M.jpg","In a dystopian future, teens fight to survive in a televised, deadly competition."
36,"Harper Lee",1960,"To Kill a Mockingbird","eng",4.27,"https://covers.openlibrary.org/b/id/8231434-M.jpg","A young girl witnesses racial injustice and learns the value of empathy and morality in the American South."
37,"C.S. Lewis",1950,"The Lion, the Witch and the Wardrobe","eng",4.21,"https://covers.openlibrary.org/b/id/8231456-M.jpg","Four children discover a magical world inside a wardrobe and help defeat an evil witch."
38,"J.D. Salinger",1951,"The Catcher in the Rye","eng",3.81,"https://covers.openlibrary.org/b/id/8231478-M.jpg","A teenage boy struggles with alienation and the challenges of growing up in New York City."
39,"Orson Scott Card",1985,"Ender's Game","eng",4.31,"https://covers.openlibrary.org/b/id/8231490-M.jpg","A child genius is trained in a futuristic military academy to lead humanity in an interstellar war."
40,"Margaret Atwood",1985,"The Handmaid's Tale","eng",4.12,"https://covers.openlibrary.org/b/id/8231512-M.jpg","In a dystopian society, women are subjugated and forced into reproductive servitude, challenging notions of freedom and morality."
41,"Dan Brown",2003,"The Da Vinci Code","eng",3.84,"https://covers.openlibrary.org/b/id/8231534-M.jpg","A symbologist uncovers secrets hidden in famous artworks, triggering a suspenseful quest across Europe."
42,"Paulo Coelho",1988,"The Alchemist","eng",3.89,"https://covers.openlibrary.org/b/id/8231556-M.jpg","A shepherd journeys across deserts to discover his personal legend and the meaning of life."
43,"Victor Hugo",1862,"Les Misérables","eng",4.26,"https://covers.openlibrary.org/b/id/8231578-M.jpg","An epic tale of justice, love, and redemption in 19th-century France."
44,"H.G. Wells",1895,"The Time Machine","eng",3.98,"https://covers.openlibrary.org/b/id/8231590-M.jpg","A scientist invents a machine to travel to the distant future and witnesses humanity’s evolution and decline."
45,"Khaled Hosseini",2003,"The Kite Runner","eng",4.30,"https://covers.openlibrary.org/b/id/8231612-M.jpg","Two boys in Afghanistan navigate friendship, betrayal, and redemption across decades of war."
46,"Arthur Conan Doyle",1892,"The Adventures of Sherlock Holmes","eng",4.18,"https://covers.openlibrary.org/b/id/8231634-M.jpg","Detective Sherlock Holmes solves complex mysteries with his sharp intellect and keen observation."
47,"George R.R. Martin",1996,"A Game of Thrones","eng",4.44,"https://covers.openlibrary.org/b/id/8231656-M.jpg","Noble families vie for power in a sprawling fantasy world filled with dragons, intrigue, and betrayal."
48,"Homer",-800,"The Iliad","eng",4.10,"https://covers.openlibrary.org/b/id/8231678-M.jpg","An epic poem depicting the events of the Trojan War and the struggles of heroes and gods."
49,"Homer",-750,"The Odyssey","eng",4.12,"https://covers.openlibrary.org/b/id/8231690-M.jpg","The long journey of Odysseus as he tries to return home from the Trojan War, facing monsters and divine intervention."
50,"John Steinbeck",1939,"The Grapes of Wrath","eng",3.99,"https://covers.openlibrary.org/b/id/8231712-M.jpg","A family struggles to survive the Great Depression while traveling across America in search of a better life."
51,"Ray Bradbury",1953,"Fahrenheit 451","eng",4.01,"https://covers.openlibrary.org/b/id/8231734-M.jpg","A dystopian novel where books are banned and “firemen” burn any that are found."
52,"Aldous Huxley",1932,"Brave New World","eng",3.99,"https://covers.openlibrary.org/b/id/8231756-M.jpg","A futuristic society where humans are genetically engineered and controlled for stability."
53,"Isaac Asimov",1950,"Foundation","eng",4.17,"https://covers.openlibrary.org/b/id/8231778-M.jpg","A mathematician predicts the fall of an empire and creates a plan to save human knowledge."
54,"Frank Herbert",1965,"Dune","eng",4.23,"https://covers.openlibrary.org/b/id/8231790-M.jpg","A young nobleman becomes embroiled in political intrigue on a desert planet with a valuable resource."
55,"Leo Tolstoy",1877,"Anna Karenina","eng",4.05,"https://covers.openlibrary.org/b/id/8231812-M.jpg","A tragic love story of a woman in Russian high society navigating passion and social norms."
56,"Charlotte Brontë",1848,"Shirley","eng",3.89,"https://covers.openlibrary.org/b/id/8231834-M.jpg","A story of industrial unrest and personal relationships in early 19th-century England."
57,"Emily Brontë",1847,"Wuthering Heights","eng",3.85,"https://covers.openlibrary.org/b/id/8231856-M.jpg","A dark tale of passion and revenge set on the Yorkshire moors."
58,"Herman Hesse",1922,"Siddhartha","eng",4.02,"https://covers.openlibrary.org/b/id/8231878-M.jpg","A spiritual journey of self-discovery in ancient India."
59,"Fyodor Dostoevsky",1866,"Crime and Punishment","eng",4.20,"https://covers.openlibrary.org/b/id/8231890-M.jpg","A student commits murder and struggles with guilt, morality, and redemption."
60,"Alexandre Dumas",1844,"The Three Musketeers","eng",4.12,"https://covers.openlibrary.org/b/id/8231912-M.jpg","Adventure, loyalty, and friendship as musketeers fight for honor and justice in France."
61,"Joseph Heller",1961,"Catch-22","eng",4.10,"https://covers.openlibrary.org/b/id/8231934-M.jpg","A satirical novel about the absurdities of war and bureaucracy."
62,"Jules Verne",1870,"Twenty Thousand Leagues Under the Sea","eng",4.08,"https://covers.openlibrary.org/b/id/8231956-M.jpg","A submarine voyage exploring the depths of the ocean and encounters with mysterious creatures."
63,"Victor Hugo",1831,"The Hunchback of Notre-Dame","eng",4.06,"https://covers.openlibrary.org/b/id/8231978-M.jpg","A deformed bell-ringer falls in love and struggles with society's cruelty in medieval Paris."
64,"John Green",2005,"Looking for Alaska","eng",4.03,"https://covers.openlibrary.org/b/id/8231990-M.jpg","A coming-of-age story about friendship, love, and loss at a boarding school."
65,"C.S. Lewis",1952,"Prince Caspian","eng",4.11,"https://covers.openlibrary.org/b/id/8232012-M.jpg","The Pevensie children return to Narnia to help restore the rightful king."
66,"Madeleine L'Engle",1962,"A Wrinkle in Time","eng",4.07,"https://covers.openlibrary.org/b/id/8232034-M.jpg","A young girl travels through time and space to rescue her father from evil forces."
67,"George Orwell",1945,"Animal Farm","eng",3.95,"https://covers.openlibrary.org/b/id/8232056-M.jpg","An allegorical tale about a farm where animals overthrow humans but face tyranny of their own."
68,"Miguel de Cervantes",1605,"Don Quixote","eng",4.00,"https://covers.openlibrary.org/b/id/8232078-M.jpg","A man sets out on adventures as a self-styled knight, blurring the lines between reality and imagination."
69,"Louisa May Alcott",1871,"Good Wives","eng",4.02,"https://covers.openlibrary.org/b/id/8232090-M.jpg","The continuation of Little Women as the sisters face adulthood, love, and responsibility."
70,"H.P. Lovecraft",1928,"The Call of Cthulhu","eng",3.88,"https://covers.openlibrary.org/b/id/8232112-M.jpg","A cosmic horror story uncovering an ancient, terrifying entity."
71,"Ray Bradbury",1962,"The Illustrated Man","eng",4.05,"https://covers.openlibrary.org/b/id/8232134-M.jpg","A collection of short stories exploring the future, human nature, and technological consequences."
72,"Orson Scott Card",1986,"Speaker for the Dead","eng",4.28,"https://covers.openlibrary.org/b/id/8232156-M.jpg","A sequel to Ender's Game, exploring ethics, understanding, and alien cultures."
73,"Philip K. Dick",1968,"Do Androids Dream of Electric Sheep?","eng",4.04,"https://covers.openlibrary.org/b/id/8232178-M.jpg","In a post-apocalyptic future, bounty hunters track rogue androids while questioning what it means to be human."
74,"H.G. Wells",1898,"The War of the Worlds","eng",4.00,"https://covers.openlibrary.org/b/id/8232190-M.jpg","Martians invade Earth, and humanity struggles to survive against a technologically superior force."
75,"Kurt Vonnegut",1969,"Slaughterhouse-Five","eng",4.07,"https://covers.openlibrary.org/b/id/8232212-M.jpg","A soldier becomes “unstuck in time” experiencing moments of war, life, and death in non-linear order."
76,"Terry Pratchett",1983,"The Colour of Magic","eng",4.14,"https://covers.openlibrary.org/b/id/8232234-M.jpg","A humorous fantasy adventure introducing Discworld, wizards, and eccentric characters."
77,"Neil Gaiman",1996,"Neverwhere","eng",4.12,"https://covers.openlibrary.org/b/id/8232256-M.jpg","A man discovers a hidden, magical world beneath London filled with danger and wonder."
78,"Douglas Adams",1979,"The Hitchhiker's Guide to the Galaxy","eng",4.22,"https://covers.openlibrary.org/b/id/8232278-M.jpg","An absurd intergalactic adventure following Arthur Dent after Earth’s destruction."
79,"J.K. Rowling",1998,"Harry Potter and the Chamber of Secrets","eng",4.42,"https://covers.openlibrary.org/b/id/8232290-M.jpg","Harry returns to Hogwarts to face new dangers and uncover secrets about the Chamber of Secrets."
80,"J.R.R. Tolkien",1955,"The Return of the King","eng",4.54,"https://covers.openlibrary.org/b/id/8232312-M.jpg","The final battle for Middle-earth as heroes struggle to defeat Sauron and restore peace."
81,"Suzanne Collins",2009,"Catching Fire","eng",4.31,"https://covers.openlibrary.org/b/id/8232334-M.jpg","Katniss faces political intrigue and a deadly new Hunger Games after surviving the first."
82,"Suzanne Collins",2010,"Mockingjay","eng",4.29,"https://covers.openlibrary.org/b/id/8232356-M.jpg","Katniss leads a rebellion against the oppressive Capitol to restore freedom to Panem."
83,"Margaret Atwood",2003,"Oryx and Crake","eng",4.06,"https://covers.openlibrary.org/b/id/8232378-M.jpg","A speculative tale of genetic engineering, corporate power, and the end of civilization."
84,"Philip Pullman",1995,"Northern Lights","eng",4.33,"https://covers.openlibrary.org/b/id/8232390-M.jpg","A young girl embarks on a journey to the North to uncover a sinister experiment and find her friend."
85,"Philip Pullman",1997,"The Subtle Knife","eng",4.28,"https://covers.openlibrary.org/b/id/8232412-M.jpg","Lyra and a new companion journey through parallel worlds, facing dark forces and moral dilemmas."
86,"Philip Pullman",2000,"The Amber Spyglass","eng",4.36,"https://covers.openlibrary.org/b/id/8232434-M.jpg","The epic conclusion of the trilogy, where Lyra confronts destiny and the fate of multiple worlds."
87,"Anne Rice",1976,"Interview with the Vampire","eng",4.09,"https://covers.openlibrary.org/b/id/8232456-M.jpg","A vampire recounts his life story, exploring immortality, morality, and human emotions."
88,"Jules Verne",1863,"Five Weeks in a Balloon","eng",3.91,"https://covers.openlibrary.org/b/id/8232478-M.jpg","Adventurers traverse Africa in a hot air balloon facing natural dangers and discoveries."
89,"Mary Shelley",1823,"Valperga","eng",3.84,"https://covers.openlibrary.org/b/id/8232490-M.jpg","A historical novel about power, love, and politics in 14th-century Italy."
90,"Homer",-700,"Theogony","eng",4.05,"https://covers.openlibrary.org/b/id/8232512-M.jpg","The origins and genealogies of the Greek gods, their conflicts, and creation myths."
91,"Homer",-700,"Works and Days","eng",4.03,"https://covers.openlibrary.org/b/id/8232534-M.jpg","A didactic poem offering wisdom on agriculture, work, and justice in ancient Greece."
92,"Leo Tolstoy",1877,"Anna Karenina","eng",4.12,"https://covers.openlibrary.org/b/id/8232556-M.jpg","A tragic tale of love, betrayal, and Russian high society through the life of Anna Karenina."
93,"Victor Hugo",1831,"The Hunchback of Notre-Dame","eng",4.18,"https://covers.openlibrary.org/b/id/8232578-M.jpg","The story of Quasimodo, the deformed bell ringer, and his love for the beautiful Esmeralda in medieval Paris."
94,"Dante Alighieri",1320,"The Divine Comedy","eng",4.25,"https://covers.openlibrary.org/b/id/8232590-M.jpg","An epic poem detailing a journey through Hell, Purgatory, and Paradise, exploring morality, justice, and redemption."
95,"John Milton",1667,"Paradise Lost","eng",4.20,"https://covers.openlibrary.org/b/id/8232612-M.jpg","An epic poem about the fall of man, Satan's rebellion, and humanity's struggle between good and evil."
96,"Aldous Huxley",1932,"Brave New World","eng",4.12,"https://covers.openlibrary.org/b/id/8232634-M.jpg","A dystopian vision of a society controlled by technology, conditioning, and the pursuit of pleasure."
97,"Ray Bradbury",1969,"I Sing the Body Electric!","eng",4.03,"https://covers.openlibrary.org/b/id/8232656-M.jpg","A collection of imaginative stories exploring human relationships, technology, and social commentary."
98,"Arthur C. Clarke",1973,"Rendezvous with Rama","eng",4.11,"https://covers.openlibrary.org/b/id/8232678-M.jpg","A mysterious alien spacecraft enters the solar system, prompting exploration and wonder from a human crew."
99,"Isaac Asimov",1951,"I, Robot","eng",4.20,"https://covers.openlibrary.org/b/id/8232690-M.jpg","A collection of short stories exploring robotics, ethics, and the famous Three Laws of Robotics."
100,"Kurt Vonnegut",1959,"The Sirens of Titan","eng",4.05,"https://covers.openlibrary.org/b/id/8232712-M.jpg","A satirical sci-fi novel about fate, free will, and human purpose across space and time."
101,"Frank Herbert",1965,"Dune","eng",4.23,"https://covers.openlibrary.org/b/id/8232734-M.jpg","The epic saga of politics, religion, and ecology on the desert planet Arrakis."
102,"Frank Herbert",1969,"Dune Messiah","eng",4.10,"https://covers.openlibrary.org/b/id/8232756-M.jpg","The continuation of Paul Atreides' story as he grapples with power, prophecy, and rebellion."
103,"Frank Herbert",1976,"Children of Dune","eng",4.12,"https://covers.openlibrary.org/b/id/8232778-M.jpg","The next generation of Atreides faces political intrigue, destiny, and the challenges of leadership."
104,"Margaret Weis & Tracy Hickman",1984,"Dragonlance Chronicles: Dragons of Autumn Twilight","eng",4.18,"https://covers.openlibrary.org/b/id/8232790-M.jpg","Heroes in a fantasy world embark on a quest to stop evil dragons and restore balance to their land."
105,"Margaret Weis & Tracy Hickman",1985,"Dragonlance Chronicles: Dragons of Winter Night","eng",4.15,"https://covers.openlibrary.org/b/id/8232812-M.jpg","The continuation of the epic quest as heroes face betrayal, war, and the power of the dragons."
106,"Margaret Weis & Tracy Hickman",1986,"Dragonlance Chronicles: Dragons of Spring Dawning","eng",4.17,"https://covers.openlibrary.org/b/id/8232834-M.jpg","The final installment of the original Dragonlance trilogy, with epic battles and resolution of destinies."
107,"George Orwell",1937,"The Road to Wigan Pier","eng",4.01,"https://covers.openlibrary.org/b/id/8232856-M.jpg","An investigative work documenting the harsh living conditions of the working class in industrial England."
108,"Ayn Rand",1957,"Atlas Shrugged","eng",4.12,"https://covers.openlibrary.org/b/id/8232878-M.jpg","A philosophical novel exploring individualism, capitalism, and the role of government in society."
109,"Ayn Rand",1943,"The Fountainhead","eng",4.05,"https://covers.openlibrary.org/b/id/8232890-M.jpg","The story of an uncompromising architect struggling against conformity and mediocrity."
110,"Tolkien, J.R.R.",1937,"The Hobbit","eng",4.27,"https://covers.openlibrary.org/b/id/8232912-M.jpg","A hobbit embarks on a journey with dwarves to reclaim treasure from a dragon, discovering courage and adventure."
111,"Philip K. Dick",1968,"Do Androids Dream of Electric Sheep?","eng",4.05,"https://covers.openlibrary.org/b/id/8232934-M.jpg","A bounty hunter must track down rogue androids in a post-apocalyptic future, questioning humanity and empathy."
112,"Robert A. Heinlein",1961,"Stranger in a Strange Land","eng",4.10,"https://covers.openlibrary.org/b/id/8232956-M.jpg","A human raised on Mars returns to Earth, challenging societal norms and exploring human spirituality and freedom."
113,"H.P. Lovecraft",1928,"The Call of Cthulhu","eng",4.00,"https://covers.openlibrary.org/b/id/8232978-M.jpg","A cosmic horror story about a mysterious cult, an ancient god, and mankind’s fragility in the universe."
114,"Mary Shelley",1823,"Mathilda","eng",3.85,"https://covers.openlibrary.org/b/id/8232990-M.jpg","A dark tale of family, forbidden love, and isolation, exploring psychological and emotional depths."
115,"Bram Stoker",1903,"The Jewel of Seven Stars","eng",3.92,"https://covers.openlibrary.org/b/id/8233012-M.jpg","An archaeologist awakens an ancient Egyptian queen, blending horror, adventure, and the supernatural."
116,"Oscar Wilde",1890,"The Picture of Dorian Gray","eng",4.12,"https://covers.openlibrary.org/b/id/8233034-M.jpg","A young man remains eternally youthful while his portrait ages, exploring vanity, corruption, and morality."
117,"Graham Greene",1951,"The End of the Affair","eng",4.05,"https://covers.openlibrary.org/b/id/8233056-M.jpg","A love triangle during wartime tests faith, jealousy, and the complexities of human emotion."
118,"Gabriel García Márquez",1967,"One Hundred Years of Solitude","eng",4.18,"https://covers.openlibrary.org/b/id/8233078-M.jpg","A multigenerational saga of the Buendía family blending magical realism with history, love, and fate."
119,"J.D. Salinger",1963,"Raise High the Roof Beam, Carpenters","eng",3.95,"https://covers.openlibrary.org/b/id/8233090-M.jpg","A short story reflecting family, social expectations, and the perspective of a sensitive narrator."
120,"James Joyce",1922,"Ulysses","eng",4.06,"https://covers.openlibrary.org/b/id/8233112-M.jpg","A modernist novel chronicling one day in Dublin, exploring consciousness, identity, and the human experience."
121,"Virginia Woolf",1925,"Mrs Dalloway","eng",4.08,"https://covers.openlibrary.org/b/id/8233134-M.jpg","The story of a day in the life of Clarissa Dalloway, revealing inner thoughts and social commentary on post-war England."
122,"Kurt Vonnegut",1969,"Slaughterhouse-Five","eng",4.09,"https://covers.openlibrary.org/b/id/8233156-M.jpg","A soldier becomes “unstuck in time” reflecting on war, free will, and the absurdity of human existence."
123,"Leo Tolstoy",1886,"The Death of Ivan Ilyich","eng",4.11,"https://covers.openlibrary.org/b/id/8233178-M.jpg","A novella exploring mortality, the meaning of life, and personal introspection through the life of a bureaucrat."
124,"Herman Hesse",1922,"Siddhartha","eng",4.14,"https://covers.openlibrary.org/b/id/8233190-M.jpg","A spiritual journey of self-discovery and enlightenment in ancient India."
125,"Fyodor Dostoevsky",1866,"Crime and Punishment","eng",4.21,"https://covers.openlibrary.org/b/id/8233212-M.jpg","A young man wrestles with guilt and morality after committing murder, exploring psychology and redemption."
126,"Fyodor Dostoevsky",1880,"The Brothers Karamazov","eng",4.32,"https://covers.openlibrary.org/b/id/8233234-M.jpg","A philosophical novel about faith, doubt, and the moral struggles within a Russian family."
127,"Thomas Hardy",1874,"Far from the Madding Crowd","eng",4.09,"https://covers.openlibrary.org/b/id/8233256-M.jpg","A tale of love, honor, and social change in rural Victorian England."
128,"E.M. Forster",1910,"Howards End","eng",4.07,"https://covers.openlibrary.org/b/id/8233278-M.jpg","A story exploring class, society, and human connection in Edwardian England."
129,"Charlotte Perkins Gilman",1892,"The Yellow Wallpaper","eng",4.03,"https://covers.openlibrary.org/b/id/8233290-M.jpg","A haunting short story about mental health, gender roles, and confinement."
130,"Joseph Conrad",1899,"Heart of Darkness","eng",4.12,"https://covers.openlibrary.org/b/id/8233312-M.jpg","A journey up the Congo River reveals colonial brutality, human corruption, and existential reflection."
131,"Ray Bradbury",1957,"Dandelion Wine","eng",4.00,"https://covers.openlibrary.org/b/id/8233150-M.jpg","A boy spends a magical summer learning about life, love, and growing up in a small town."
132,"J.R.R. Tolkien",1937,"The Hobbit","eng",4.27,"https://covers.openlibrary.org/b/id/8233152-M.jpg","A hobbit goes on an adventure with dwarves to find treasure guarded by a dragon."
133,"C.S. Lewis",1952,"Prince Caspian","eng",4.15,"https://covers.openlibrary.org/b/id/8233154-M.jpg","The Pevensie children return to Narnia to help Prince Caspian reclaim his throne."
134,"Lewis Carroll",1865,"Alice's Adventures in Wonderland","eng",4.10,"https://covers.openlibrary.org/b/id/8233156-M.jpg","A young girl falls into a magical world full of strange creatures and curious adventures."
135,"Louisa May Alcott",1871,"Little Men","eng",4.05,"https://covers.openlibrary.org/b/id/8233158-M.jpg","Jo March runs a school for boys and helps them grow into kind and responsible men."
136,"Mary Shelley",1823,"The Last Man","eng",3.80,"https://covers.openlibrary.org/b/id/8233160-M.jpg","In the future, a plague wipes out humanity, and one man tries to survive and understand it."
137,"H.G. Wells",1898,"The War of the Worlds","eng",4.00,"https://covers.openlibrary.org/b/id/8233162-M.jpg","Aliens invade Earth, and humans struggle to survive against their advanced technology."
138,"Franz Kafka",1915,"The Metamorphosis","eng",4.05,"https://covers.openlibrary.org/b/id/8233164-M.jpg","A man wakes up one day turned into a giant insect and faces his family's reaction."
139,"Herman Hesse",1922,"Siddhartha","eng",4.10,"https://covers.openlibrary.org/b/id/8233166-M.jpg","A young man searches for truth, wisdom, and peace in life through many experiences."
140,"Victor Hugo",1831,"The Hunchback of Notre-Dame","eng",4.12,"https://covers.openlibrary.org/b/id/8233168-M.jpg","A deformed bell-ringer and a kind girl face love, tragedy, and society’s cruelty in Paris."
141,"Joseph Conrad",1899,"Heart of Darkness","eng",4.02,"https://covers.openlibrary.org/b/id/8233170-M.jpg","A man travels into Africa and faces the darkness within both the land and human nature."
142,"Jack London",1906,"White Fang","eng",4.05,"https://covers.openlibrary.org/b/id/8233172-M.jpg","A wild wolf-dog faces harsh nature and learns trust and love from humans."
143,"Emily Brontë",1847,"Wuthering Heights","eng",4.10,"https://covers.openlibrary.org/b/id/8233174-M.jpg","A story of passionate love and revenge between two families in the English countryside."
144,"Miguel de Cervantes",1615,"Don Quixote","eng",4.01,"https://covers.openlibrary.org/b/id/8233176-M.jpg","A man believes he is a knight and goes on funny adventures with his loyal squire."
145,"Thomas Hardy",1874,"Far from the Madding Crowd","eng",4.03,"https://covers.openlibrary.org/b/id/8233178-M.jpg","A woman navigates love, choices, and life in a rural English town."
146,"Gustave Flaubert",1856,"Madame Bovary","eng",3.95,"https://covers.openlibrary.org/b/id/8233180-M.jpg","A woman seeks excitement and love but faces unhappiness in her everyday life."
147,"Leo Tolstoy",1877,"Anna Karenina","eng",4.10,"https://covers.openlibrary.org/b/id/8233182-M.jpg","A woman struggles with love, society, and family in 19th-century Russia."
148,"H.P. Lovecraft",1928,"The Call of Cthulhu","eng",4.05,"https://covers.openlibrary.org/b/id/8233184-M.jpg","Strange events reveal a giant ancient creature that terrifies people around the world."
149,"Mark Twain",1876,"The Adventures of Tom Sawyer","eng",4.10,"https://covers.openlibrary.org/b/id/8233186-M.jpg","A boy has fun, solves mysteries, and learns lessons in his small town adventures."
150,"George Orwell",1937,"The Road to Wigan Pier","eng",4.00,"https://covers.openlibrary.org/b/id/8233188-M.jpg","A look at poverty and working-class life in 1930s England, written simply and clearly."
151,"Jules Verne",1870,"Twenty Thousand Leagues Under the Sea","eng",4.10,"https://covers.openlibrary.org/b/id/8233190-M.jpg","Captain Nemo travels the oceans in a submarine and explores underwater wonders and dangers."
152,"Jules Verne",1864,"Journey to the Center of the Earth","eng",4.05,"https://covers.openlibrary.org/b/id/8233192-M.jpg","A professor and his team explore a hidden world beneath the Earth filled with creatures and danger."
153,"Robert Louis Stevenson",1883,"Treasure Island","eng",4.15,"https://covers.openlibrary.org/b/id/8233194-M.jpg","A young boy goes on a pirate adventure to find hidden treasure on a dangerous island."
154,"Daniel Defoe",1719,"Robinson Crusoe","eng",4.00,"https://covers.openlibrary.org/b/id/8233196-M.jpg","A man survives alone on a deserted island and learns to live with nature and face challenges."
155,"H. Rider Haggard",1885,"King Solomon's Mines","eng",4.05,"https://covers.openlibrary.org/b/id/8233198-M.jpg","Adventurers travel to Africa in search of lost treasure and face danger, wild animals, and mystery."
156,"Jack London",1903,"The Call of the Wild","eng",4.08,"https://covers.openlibrary.org/b/id/8233200-M.jpg","A domesticated dog returns to the wild and learns to survive in the harsh Yukon wilderness."
157,"Ernest Hemingway",1952,"The Old Man and the Sea","eng",4.10,"https://covers.openlibrary.org/b/id/8233202-M.jpg","An old fisherman struggles to catch a giant fish, showing courage, patience, and adventure at sea."
158,"Rudyard Kipling",1894,"The Jungle Book","eng",4.12,"https://covers.openlibrary.org/b/id/8233204-M.jpg","A boy raised by wolves goes on adventures in the jungle and learns survival and friendship."
159,"Robert Louis Stevenson",1886,"Kidnapped","eng",4.05,"https://covers.openlibrary.org/b/id/8233206-M.jpg","A young boy is kidnapped and faces danger and adventure while trying to escape and survive in Scotland."
160,"Alfred Ollivant",1908,"Owd Bob","eng",4.00,"https://covers.openlibrary.org/b/id/8233208-M.jpg","A boy and his dog go on adventures in the hills, showing loyalty, courage, and friendship."
161,"Edgar Rice Burroughs",1912,"Tarzan of the Apes","eng",4.10,"https://covers.openlibrary.org/b/id/8233210-M.jpg","A boy grows up in the jungle, learning to survive and exploring the wild with animals."
162,"R.M. Ballantyne",1857,"The Coral Island","eng",4.00,"https://covers.openlibrary.org/b/id/8233212-M.jpg","Three boys are shipwrecked on an island and have adventures while trying to survive and explore."
163,"James Fenimore Cooper",1823,"The Last of the Mohicans","eng",4.05,"https://covers.openlibrary.org/b/id/8233214-M.jpg","During the French and Indian War, adventurers face battles, danger, and the wilderness of America."
164,"H. Rider Haggard",1887,"She: A History of Adventure","eng",4.00,"https://covers.openlibrary.org/b/id/8233216-M.jpg","Explorers search for a mysterious queen in Africa and face magic, danger, and adventure."
165,"Philip Pullman",1995,"Northern Lights","eng",4.22,"https://covers.openlibrary.org/b/id/8233218-M.jpg","A girl goes on a journey to the North, discovering a magical world and facing dangers along the way."
166,"Jules Verne",1872,"Around the World in Eighty Days","eng",4.05,"https://covers.openlibrary.org/b/id/8233220-M.jpg","A man travels around the world in 80 days, encountering obstacles and exciting adventures."
167,"Ernest Thompson Seton",1902,"Wild Animals I Have Known","eng",4.00,"https://covers.openlibrary.org/b/id/8233222-M.jpg","Stories of animals in the wild showing courage, survival, and adventure."
168,"Robert Louis Stevenson",1892,"The Black Arrow","eng",4.00,"https://covers.openlibrary.org/b/id/8233224-M.jpg","A young man fights against injustice and joins adventure and danger during the English wars."
169,"H. Rider Haggard",1895,"Allan Quatermain","eng",4.03,"https://covers.openlibrary.org/b/id/8233226-M.jpg","A hunter travels through Africa on dangerous adventures filled with treasure and mystery."
170,"Jules Verne",1889,"The Purchase of the North Pole","eng",3.95,"https://covers.openlibrary.org/b/id/8233228-M.jpg","Inventors try to change the Earth’s axis and face risks, challenges, and exciting adventures."
171,"Sylvia Plath",1963,"The Bell Jar","eng",4.05,"https://covers.openlibrary.org/b/id/8233230-M.jpg","A young woman struggles with depression and tries to find her place in the world."
172,"Ken Kesey",1962,"One Flew Over the Cuckoo's Nest","eng",4.19,"https://covers.openlibrary.org/b/id/8233232-M.jpg","A man in a mental hospital challenges the system and fights for freedom."
173,"William Styron",1990,"Darkness Visible","eng",4.06,"https://covers.openlibrary.org/b/id/8233234-M.jpg","A personal memoir about the author’s battle with depression and mental illness."
174,"Viktor E. Frankl",1946,"Man's Search for Meaning","eng",4.36,"https://covers.openlibrary.org/b/id/8233236-M.jpg","A survivor of the Holocaust explores finding purpose and hope in life."
175,"Oliver Sacks",1985,"The Man Who Mistook His Wife for a Hat","eng",4.10,"https://covers.openlibrary.org/b/id/8233238-M.jpg","Stories of patients with unusual brain disorders and how they perceive the world."
176,"Mark Haddon",2003,"The Curious Incident of the Dog in the Night-Time","eng",4.21,"https://covers.openlibrary.org/b/id/8233240-M.jpg","A boy with autism tries to solve a mystery while showing his unique view of life."
177,"Matthew Quick",2008,"The Silver Linings Playbook","eng",4.08,"https://covers.openlibrary.org/b/id/8233242-M.jpg","A man with bipolar disorder tries to rebuild his life and relationships after illness."
178,"Kay Redfield Jamison",1995,"An Unquiet Mind","eng",4.14,"https://covers.openlibrary.org/b/id/8233244-M.jpg","A psychiatrist shares her personal struggle with bipolar disorder and mental health."
179,"Eleanor Oliphant",2017,"Eleanor Oliphant Is Completely Fine","eng",4.23,"https://covers.openlibrary.org/b/id/8233246-M.jpg","A lonely woman faces past trauma and learns to connect with others and herself."
180,"Matt Haig",2018,"Notes on a Nervous Planet","eng",4.05,"https://covers.openlibrary.org/b/id/8233248-M.jpg","A book exploring stress, anxiety, and mental health in the modern world."
181,"Susan Cain",2012,"Quiet","eng",4.06,"https://covers.openlibrary.org/b/id/8233250-M.jpg","Exploring the strengths and challenges of introverts and how they navigate the world."
182,"Brene Brown",2012,"Daring Greatly","eng",4.12,"https://covers.openlibrary.org/b/id/8233252-M.jpg","About vulnerability, shame, and courage, and how they affect mental well-being."
183,"Patrick McGrath",1990,"Spider","eng",4.00,"https://covers.openlibrary.org/b/id/8233254-M.jpg","A man with psychological trauma recalls his past and faces mental challenges."
184,"Ransom Riggs",2011,"Miss Peregrine's Home for Peculiar Children","eng",4.11,"https://covers.openlibrary.org/b/id/8233256-M.jpg","A boy explores a mysterious home for children with unusual abilities and hidden secrets, dealing with isolation and identity."
185,"Gail Hornstein",2015,"Agnes's Jacket","eng",4.05,"https://covers.openlibrary.org/b/id/8233258-M.jpg","A book about mental health recovery and understanding people who experience psychosis."
186,"Jeanette Winterson",1985,"Oranges Are Not the Only Fruit","eng",4.03,"https://covers.openlibrary.org/b/id/8233260-M.jpg","A young girl struggles with identity, religion, and emotional growth."
187,"Sylvia Nasar",1998,"A Beautiful Mind","eng",4.12,"https://covers.openlibrary.org/b/id/8233262-M.jpg","The story of John Nash, a mathematician who battles schizophrenia while achieving greatness."
188,"Tara Westover",2018,"Educated","eng",4.47,"https://covers.openlibrary.org/b/id/8233264-M.jpg","A memoir of a woman overcoming family trauma and mental challenges to get an education."
189,"Matt Haig",2015,"Reasons to Stay Alive","eng",4.27,"https://covers.openlibrary.org/b/id/8233266-M.jpg","The author shares his experience with depression and anxiety and ways to cope and find hope."
190,"Johann Hari",2018,"Lost Connections","eng",4.10,"https://covers.openlibrary.org/b/id/8233268-M.jpg","Exploring the causes of depression and anxiety and ways to reconnect with life and people."
191,"Thich Nhat Hanh",1975,"The Miracle of Mindfulness","eng",4.27,"https://covers.openlibrary.org/b/id/8233270-M.jpg","A guide to living fully in the present using simple mindfulness practices."
192,"Jon Kabat-Zinn",1990,"Full Catastrophe Living","eng",4.23,"https://covers.openlibrary.org/b/id/8233272-M.jpg","Using mindfulness meditation to reduce stress and improve well-being."
193,"Eckhart Tolle",1997,"The Power of Now","eng",4.29,"https://covers.openlibrary.org/b/id/8233274-M.jpg","A guide to living in the present moment and freeing the mind from worry."
194,"Pema Chödrön",1997,"When Things Fall Apart","eng",4.18,"https://covers.openlibrary.org/b/id/8233276-M.jpg","Meditation and wisdom to deal with fear, loss, and uncertainty."
195,"Jack Kornfield",1993,"A Path with Heart","eng",4.20,"https://covers.openlibrary.org/b/id/8233278-M.jpg","Meditation and mindfulness teachings for living a meaningful life."
196,"Sharon Salzberg",1995,"Lovingkindness","eng",4.15,"https://covers.openlibrary.org/b/id/8233280-M.jpg","Practices for developing compassion and love through meditation."
197,"Dalai Lama",1999,"The Art of Happiness","eng",4.21,"https://covers.openlibrary.org/b/id/8233282-M.jpg","Lessons on happiness, inner peace, and meditation from the Dalai Lama."
198,"Sogyal Rinpoche",1992,"The Tibetan Book of Living and Dying","eng",4.16,"https://covers.openlibrary.org/b/id/8233284-M.jpg","Meditation and spiritual teachings on life, death, and compassion."
199,"Deepak Chopra",1994,"Ageless Body, Timeless Mind","eng",4.12,"https://covers.openlibrary.org/b/id/8233286-M.jpg","Using meditation and consciousness to improve health and longevity."
200,"Daniel Goleman",1988,"The Meditative Mind","eng",4.10,"https://covers.openlibrary.org/b/id/8233288-M.jpg","Exploring meditation and its effects on the mind and emotions."
201,"B.K.S. Iyengar",1966,"Light on Yoga","eng",4.22,"https://covers.openlibrary.org/b/id/8233290-M.jpg","Yoga and meditation techniques for physical and mental balance."
202,"Thubten Chodron",2001,"The Wisdom of No Escape","eng",4.08,"https://covers.openlibrary.org/b/id/8233292-M.jpg","Meditation practices to accept life as it is and find inner peace."
203,"Matthieu Ricard",2003,"Happiness: A Guide to Developing Life's Most Important Skill","eng",4.17,"https://covers.openlibrary.org/b/id/8233294-M.jpg","Meditation and mindfulness techniques for true happiness and contentment."
204,"Paramahansa Yogananda",1946,"Autobiography of a Yogi","eng",4.20,"https://covers.openlibrary.org/b/id/8233296-M.jpg","The life story of a yogi with teachings on meditation and spiritual growth."
205,"Ramesh Balsekar",1997,"Consciousness Speaks","eng",4.11,"https://covers.openlibrary.org/b/id/8233298-M.jpg","Insights on meditation, awareness, and understanding the mind."
206,"Osho",1977,"Meditation: The First and Last Freedom","eng",4.05,"https://covers.openlibrary.org/b/id/8233300-M.jpg","Techniques and guidance on meditation for inner freedom and awareness."
207,"Swami Sivananda",1953,"Practice of Meditation","eng",4.09,"https://covers.openlibrary.org/b/id/8233302-M.jpg","Step-by-step instructions on meditation and spiritual practice."
208,"Thich Nhat Hanh",1988,"Peace Is Every Step","eng",4.19,"https://covers.openlibrary.org/b/id/8233304-M.jpg","Simple ways to practice mindfulness in daily life to create peace."
209,"Eckhart Tolle",2005,"A New Earth","eng",4.22,"https://covers.openlibrary.org/b/id/8233306-M.jpg","Using mindfulness and presence to awaken spiritually and reduce suffering."
210,"Shunryu Suzuki",1970,"Zen Mind, Beginner's Mind","eng",4.25,"https://covers.openlibrary.org/b/id/8233308-M.jpg","Principles of Zen meditation and developing a beginner’s approach to life."
211,"Jon Kabat-Zinn",2005,"Coming to Our Senses","eng",4.18,"https://covers.openlibrary.org/b/id/8233310-M.jpg","A guide to mindfulness, body awareness, and meditation for everyday life."
212,"Thich Nhat Hanh",1992,"Peace Is Every Step","eng",4.21,"https://covers.openlibrary.org/b/id/8233312-M.jpg","Simple practices for living mindfully and creating peace in daily life."
213,"Sharon Salzberg",2011,"Real Happiness","eng",4.16,"https://covers.openlibrary.org/b/id/8233314-M.jpg","A practical guide to mindfulness meditation for beginners and experienced practitioners."
214,"Jack Kornfield",2008,"The Wise Heart","eng",4.20,"https://covers.openlibrary.org/b/id/8233316-M.jpg","Meditation techniques and teachings for compassion, wisdom, and emotional balance."
215,"Dalai Lama",2001,"An Open Heart","eng",4.19,"https://covers.openlibrary.org/b/id/8233318-M.jpg","How to develop compassion and happiness through meditation and inner reflection."
216,"Pema Chödrön",2002,"The Places That Scare You","eng",4.17,"https://covers.openlibrary.org/b/id/8233320-M.jpg","Meditation and mindfulness to overcome fear and develop courage and love."
217,"Eknath Easwaran",1978,"Meditation: A Simple Eight-Point Program","eng",4.14,"https://covers.openlibrary.org/b/id/8233322-M.jpg","Step-by-step guidance to develop a daily meditation practice."
218,"Sogyal Rinpoche",1992,"The Tibetan Book of Living and Dying","eng",4.16,"https://covers.openlibrary.org/b/id/8233324-M.jpg","Meditation and spiritual teachings on life, death, and compassion."
219,"Deepak Chopra",2012,"The Seven Spiritual Laws of Success","eng",4.13,"https://covers.openlibrary.org/b/id/8233326-M.jpg","Using meditation and mindfulness to live successfully and in harmony."
220,"Daniel Goleman",2013,"Focus: The Hidden Driver of Excellence","eng",4.12,"https://covers.openlibrary.org/b/id/8233328-M.jpg","Meditation and attention practices to improve focus, clarity, and performance."
221,"Shunryu Suzuki",1998,"Zen Mind, Beginner's Mind","eng",4.25,"https://covers.openlibrary.org/b/id/8233330-M.jpg","Zen meditation and learning to approach life with openness and curiosity."
222,"Eckhart Tolle",2005,"Stillness Speaks","eng",4.21,"https://covers.openlibrary.org/b/id/8233332-M.jpg","Short teachings and meditations to help find inner peace and presence."
223,"Thich Nhat Hanh",2012,"The Art of Living","eng",4.18,"https://covers.openlibrary.org/b/id/8233334-M.jpg","Mindful living practices for happiness, peace, and awareness."
224,"Jack Kornfield",1997,"The Path of Insight Meditation","eng",4.19,"https://covers.openlibrary.org/b/id/8233336-M.jpg","Meditation techniques to develop insight, peace, and emotional balance."
225,"Pema Chödrön",2005,"No Time to Lose","eng",4.16,"https://covers.openlibrary.org/b/id/8233338-M.jpg","Meditation teachings for living fully and embracing change and uncertainty."
226,"Jon Kabat-Zinn",2013,"Mindfulness for Beginners","eng",4.15,"https://covers.openlibrary.org/b/id/8233340-M.jpg","Simple mindfulness exercises to help reduce stress and increase awareness."
227,"Eckhart Tolle",2001,"Practicing the Power of Now","eng",4.22,"https://covers.openlibrary.org/b/id/8233342-M.jpg","Guided exercises and meditations to live in the present moment."
228,"Dalai Lama",1999,"The Joy of Living","eng",4.20,"https://covers.openlibrary.org/b/id/8233344-M.jpg","Meditation practices for happiness, compassion, and inner peace."
229,"Sharon Salzberg",2015,"Real Love","eng",4.17,"https://covers.openlibrary.org/b/id/8233346-M.jpg","Mindfulness and meditation to cultivate love and compassion for self and others."
230,"Sogyal Rinpoche",2003,"Living, Dying, and Beyond","eng",4.15,"https://covers.openlibrary.org/b/id/8233348-M.jpg","Meditation and awareness to face life and death with peace and understanding."
231,"Dalai Lama",1997,"The Art of Happiness","eng",4.21,"https://covers.openlibrary.org/b/id/8233350-M.jpg","Learn how to cultivate happiness and kindness in daily life."
232,"Sharon Salzberg",2011,"Lovingkindness","eng",4.18,"https://covers.openlibrary.org/b/id/8233352-M.jpg","Meditation and practices to develop love and kindness for yourself and others."
233,"Pema Chödrön",2001,"Start Where You Are","eng",4.17,"https://covers.openlibrary.org/b/id/8233354-M.jpg","Using mindfulness and compassion to face challenges and treat yourself and others kindly."
234,"Fred Rogers",1995,"The World According to Mister Rogers","eng",4.20,"https://covers.openlibrary.org/b/id/8233356-M.jpg","Lessons on kindness, empathy, and understanding from Mr. Rogers."
235,"Leo Buscaglia",1972,"Living, Loving and Learning","eng",4.15,"https://covers.openlibrary.org/b/id/8233358-M.jpg","A guide to loving life and showing kindness to others."
236,"Dalai Lama",2001,"An Open Heart","eng",4.19,"https://covers.openlibrary.org/b/id/8233360-M.jpg","Learn compassion and kindness through meditation and reflection."
237,"Thich Nhat Hanh",1998,"The Heart of the Buddha's Teaching","eng",4.18,"https://covers.openlibrary.org/b/id/8233362-M.jpg","Teachings on mindfulness, kindness, and compassion in everyday life."
238,"Jack Kornfield",2002,"A Path with Heart","eng",4.17,"https://covers.openlibrary.org/b/id/8233364-M.jpg","Meditation and mindfulness practices to live a life of kindness and love."
239,"Marshall B. Rosenberg",1999,"Nonviolent Communication","eng",4.16,"https://covers.openlibrary.org/b/id/8233366-M.jpg","A guide to communicating with empathy, understanding, and kindness."
240,"Ruth Gordon",2010,"Kindness: A Treasury of Buddhist Wisdom","eng",4.14,"https://covers.openlibrary.org/b/id/8233368-M.jpg","Stories and teachings from Buddhism on developing kindness and compassion."
241,"Dalai Lama",2005,"The Universe in a Single Atom","eng",4.13,"https://covers.openlibrary.org/b/id/8233370-M.jpg","Combining science and spirituality to cultivate understanding, compassion, and kindness."
242,"Sharon Salzberg",2017,"Real Love: The Art of Mindful Connection","eng",4.16,"https://covers.openlibrary.org/b/id/8233372-M.jpg","Mindfulness techniques to strengthen love and kindness in relationships."
243,"Pema Chödrön",2007,"The Compassion Book","eng",4.15,"https://covers.openlibrary.org/b/id/8233374-M.jpg","Practical advice for cultivating compassion and kindness in everyday life."
244,"Dalai Lama & Desmond Tutu",2016,"The Book of Joy","eng",4.22,"https://covers.openlibrary.org/b/id/8233376-M.jpg","Insights and stories on joy, compassion, and kindness from two spiritual leaders."
245,"Thich Nhat Hanh",2005,"Peace Is Every Step","eng",4.21,"https://covers.openlibrary.org/b/id/8233378-M.jpg","Simple practices to live mindfully and show kindness in daily life."
246,"Gillian Flynn",2012,"Gone Girl","eng",4.06,"https://covers.openlibrary.org/b/id/8233380-M.jpg","A wife goes missing, and secrets unfold in this thrilling suspense story."
247,"Paula Hawkins",2015,"The Girl on the Train","eng",3.92,"https://covers.openlibrary.org/b/id/8233382-M.jpg","A woman watches people from a train and uncovers a shocking mystery."
248,"Agatha Christie",1939,"And Then There Were None","eng",4.34,"https://covers.openlibrary.org/b/id/8233384-M.jpg","Ten strangers are trapped on an island and killed one by one."
249,"Lee Child",1997,"Killing Floor","eng",4.07,"https://covers.openlibrary.org/b/id/8233386-M.jpg","Jack Reacher investigates a small town full of dangerous secrets."
250,"Stephen King",1986,"It","eng",4.23,"https://covers.openlibrary.org/b/id/8233388-M.jpg","Children face a terrifying creature that hides in the town of Derry."
251,"Harlan Coben",2001,"Tell No One","eng",4.03,"https://covers.openlibrary.org/b/id/8233390-M.jpg","A man discovers secrets about his supposedly dead wife."
252,"Patricia Highsmith",1950,"Strangers on a Train","eng",4.05,"https://covers.openlibrary.org/b/id/8233392-M.jpg","Two strangers meet and plot crimes that lead to suspense and danger."
253,"Robert Ludlum",1971,"The Bourne Identity","eng",4.11,"https://covers.openlibrary.org/b/id/8233394-M.jpg","A man wakes up with amnesia and must uncover who he really is."
254,"Dan Brown",2000,"Angels & Demons","eng",3.91,"https://covers.openlibrary.org/b/id/8233396-M.jpg","A secret society and a hidden threat create a fast-paced suspense story."
255,"Tana French",2007,"In the Woods","eng",4.03,"https://covers.openlibrary.org/b/id/8233398-M.jpg","A detective investigates a child’s murder that connects to his past."
256,"Michael Connelly",1992,"The Black Echo","eng",4.08,"https://covers.openlibrary.org/b/id/8233400-M.jpg","Detective Bosch investigates a murder tied to a hidden conspiracy."
257,"John Grisham",1991,"The Firm","eng",4.06,"https://covers.openlibrary.org/b/id/8233402-M.jpg","A young lawyer joins a law firm that has dark secrets."
258,"Shirley Jackson",1959,"The Haunting of Hill House","eng",4.11,"https://covers.openlibrary.org/b/id/8233404-M.jpg","A haunted house terrorizes its visitors in a chilling suspense story."
259,"James Patterson",2001,"Along Came a Spider","eng",4.05,"https://covers.openlibrary.org/b/id/8233406-M.jpg","Detective Alex Cross hunts a kidnapper in a tense thriller."
260,"G.K. Chesterton",1905,"The Man Who Was Thursday","eng",4.01,"https://covers.openlibrary.org/b/id/8233408-M.jpg","A detective infiltrates a secret anarchist group in a suspenseful tale."
261,"Dr. Seuss",1957,"The Cat in the Hat","eng",4.23,"https://covers.openlibrary.org/b/id/8233410-M.jpg","A funny cat visits two kids and brings fun and games for children."
262,"Roald Dahl",1964,"Charlie and the Chocolate Factory","eng",4.32,"https://covers.openlibrary.org/b/id/8233412-M.jpg","Charlie, a kind child, explores a magical chocolate factory full of surprises."
263,"Maurice Sendak",1963,"Where the Wild Things Are","eng",4.20,"https://covers.openlibrary.org/b/id/8233414-M.jpg","A young child goes on an adventure to an island full of wild creatures."
264,"E.B. White",1952,"Charlotte's Web","eng",4.28,"https://covers.openlibrary.org/b/id/8233416-M.jpg","A gentle story about a pig and a clever spider, perfect for kids and children."
265,"C.S. Lewis",1950,"The Lion, the Witch and the Wardrobe","eng",4.21,"https://covers.openlibrary.org/b/id/8233418-M.jpg","Four children discover a magical world inside a wardrobe and have amazing adventures."
266,"J.K. Rowling",1997,"Harry Potter and the Philosopher's Stone","eng",4.47,"https://covers.openlibrary.org/b/id/8233420-M.jpg","A young child learns magic, makes friends, and faces adventures at a wizard school."
267,"A.A. Milne",1926,"Winnie-the-Pooh","eng",4.22,"https://covers.openlibrary.org/b/id/8233422-M.jpg","Follow the adventures of Pooh Bear and his friends, fun for kids and children."
268,"Beatrix Potter",1902,"The Tale of Peter Rabbit","eng",4.15,"https://covers.openlibrary.org/b/id/8233424-M.jpg","A mischievous rabbit has adventures in a garden, a story loved by kids and children."
269,"Lewis Carroll",1865,"Alice's Adventures in Wonderland","eng",4.11,"https://covers.openlibrary.org/b/id/8233426-M.jpg","Alice, a curious child, falls into a magical world full of strange creatures and fun."
270,"Shel Silverstein",1964,"Where the Sidewalk Ends","eng",4.33,"https://covers.openlibrary.org/b/id/8233428-M.jpg","A collection of imaginative poems for kids and children to enjoy."
271,"Frances Hodgson Burnett",1911,"The Secret Garden","eng",4.24,"https://covers.openlibrary.org/b/id/8233430-M.jpg","A lonely child discovers a hidden garden and learns friendship and growth."
272,"Margaret Wise Brown",1947,"Goodnight Moon","eng",4.28,"https://covers.openlibrary.org/b/id/8233432-M.jpg","A gentle bedtime story for kids and children, saying goodnight to everything around."
273,"L. Frank Baum",1900,"The Wonderful Wizard of Oz","eng",4.10,"https://covers.openlibrary.org/b/id/8233434-M.jpg","Dorothy, a brave child, travels to a magical land and meets friends on adventures."
274,"Eric Carle",1969,"The Very Hungry Caterpillar","eng",4.32,"https://covers.openlibrary.org/b/id/8233436-M.jpg","A caterpillar goes on a journey and transforms into a butterfly, a story for kids."
275,"Judy Blume",1970,"Tales of a Fourth Grade Nothing","eng",4.01,"https://covers.openlibrary.org/b/id/8233438-M.jpg","A child deals with school and family life in funny adventures perfect for kids."
276,"Eleanor H. Porter",1913,"Pollyanna","eng",4.05,"https://covers.openlibrary.org/b/id/8233440-M.jpg","A bright and uplifting story celebrating optimism and hope, where kindness and a cheerful spirit transform lives."  
277,"Lynne Reid Banks",1980,"The Indian in the Cupboard","eng",4.12,"https://covers.openlibrary.org/b/id/8233442-M.jpg","A magical and wonder‑filled adventure where a toy becomes real — full of surprise, friendship and imagination."  
278,"Enid Blyton",1939,"The Enchanted Wood","eng",4.20,"https://covers.openlibrary.org/b/id/8233444-M.jpg","A whimsical and playful journey into a magical forest, brimming with curiosity, discovery and childhood wonder."  
279,"Walter de la Mare",1947,"Collected Stories for Children","eng",4.18,"https://covers.openlibrary.org/b/id/8233446-M.jpg","A dreamy and gentle anthology of fairy‑tales that evokes nostalgia, mystery and the soft magic of bedtime stories."  
280,"Hansda Sowvendra Shekhar",2018,"Jwala Kumar and the Gift of Fire: Adventures in Champakbagh","eng",4.22,"https://covers.openlibrary.org/b/id/8233448-M.jpg","A thoughtful and adventurous tale rooted in small‑town India — blending innocence, curiosity and empathy with a hint of magic."
281,"J.K. Rowling",1997,"Harry Potter and the Philosopher's Stone","eng",4.47,"https://covers.openlibrary.org/b/id/8233450-M.jpg","A magical and wondrous introduction to a hidden world — full of awe, friendship, and the thrill of discovery."  
282,"F. Scott Fitzgerald",1925,"The Great Gatsby","eng",3.91,"https://covers.openlibrary.org/b/id/8233452-M.jpg","A dreamy and melancholic tale of hope, illusion and longing beneath glittering glamour and lost dreams."  
283,"Jane Austen",1813,"Pride and Prejudice","eng",4.26,"https://covers.openlibrary.org/b/id/8233454-M.jpg","A warm and witty story of love, pride and self‑discovery — filled with gentle humor and romantic tension."  
284,"George Orwell",1949,"1984","eng",4.17,"https://covers.openlibrary.org/b/id/8233456-M.jpg","A dark and intense vision of a dystopian world — chilling, thought‑provoking, and hauntingly relevant."  
285,"Harper Lee",1960,"To Kill a Mockingbird","eng",4.28,"https://covers.openlibrary.org/b/id/8233458-M.jpg","A poignant and heartfelt coming‑of‑age story — compassionate, moral, and deeply human."  
286,"J.R.R. Tolkien",1954,"The Fellowship of the Ring","eng",4.35,"https://covers.openlibrary.org/b/id/8233460-M.jpg","A grand and adventurous epic filled with bravery, friendship, and the stirring call of destiny."  
287,"Louisa May Alcott",1868,"Little Women","eng",4.07,"https://covers.openlibrary.org/b/id/8233462-M.jpg","A cozy and uplifting tale of sisterhood, growing up, and the everyday joys and struggles of family life."  
288,"George R.R. Martin",1996,"A Game of Thrones","eng",4.45,"https://covers.openlibrary.org/b/id/8233464-M.jpg","A gritty and dramatic saga of power, betrayal, and ambition — tense, immersive, and unpredictable."  
289,"Suzanne Collins",2008,"The Hunger Games","eng",4.33,"https://covers.openlibrary.org/b/id/8233466-M.jpg","A tense and thrilling fight for survival — gripping, emotionally charged, and full of urgency."  
290,"Markus Zusak",2005,"The Book Thief","eng",4.38,"https://covers.openlibrary.org/b/id/8233468-M.jpg","A moving and lyrical story of hope and loss — bittersweet, profound, and deeply emotionally resonant."  
291,"Paulo Coelho",1988,"The Alchemist","eng",3.86,"https://covers.openlibrary.org/b/id/8233470-M.jpg","A philosophical and inspiring journey — hopeful, introspective, and filled with quiet magic and meaning."  
292,"J. D. Salinger",1951,"The Catcher in the Rye","eng",3.80,"https://covers.openlibrary.org/b/id/8233472-M.jpg","A raw and honest reflection of teenage angst — introspective, rebellious, and emotionally turbulent."  
293,"C.S. Lewis",1950,"The Lion, the Witch and the Wardrobe","eng",4.23,"https://covers.openlibrary.org/b/id/8233474-M.jpg","A magical and adventurous portal fantasy — full of wonder, courage, and the warmth of friendship."  
294,"John Steinbeck",1939,"The Grapes of Wrath","eng",3.98,"https://covers.openlibrary.org/b/id/8233476-M.jpg","A powerful and compassionate portrait of hardship and resilience — intense, somber, yet deeply human."  
295,"Charlotte Brontë",1847,"Jane Eyre","eng",4.11,"https://covers.openlibrary.org/b/id/8233478-M.jpg","A haunting and passionate tale of independence and love — brooding, hopeful, and fiercely emotional."  
296,"Homer",–800,"The Odyssey","eng",3.75,"https://covers.openlibrary.org/b/id/8233480-M.jpg","An epic and timeless voyage — adventurous, mythic, and filled with trials, endurance and longing to return home."  
297,"Gabriel García Márquez",1967,"One Hundred Years of Solitude","eng",4.06,"https://covers.openlibrary.org/b/id/8233482-M.jpg","A rich and surreal multigenerational saga — dreamy, magical, and full of wonder, fate, and nostalgia."  
298,"Lewis Carroll",1865,"Alice's Adventures in Wonderland","eng",4.04,"https://covers.openlibrary.org/b/id/8233484-M.jpg","A whimsical and absurd journey into a topsy‑turvy world — playful, strange, imaginative, and endlessly curious."  
299,"Margaret Mitchell",1936,"Gone with the Wind","eng",4.29,"https://covers.openlibrary.org/b/id/8233486-M.jpg","A grand and dramatic saga — passionate, sweeping, and infused with strength, loss, and survival."  
300,"Ray Bradbury",1953,"Fahrenheit 451","eng",4.02,"https://covers.openlibrary.org/b/id/8233488-M.jpg","A fiery and cautionary vision — urgent, provocative, and hauntingly reflective about knowledge and loss."  
301,"J.R.R. Tolkien",1937,"The Hobbit","eng",4.27,"https://covers.openlibrary.org/b/id/8233490-M.jpg","A cozy and adventurous journey filled with whimsy, courage, and the thrill of unexpected friendship and discovery."  
302,"Roald Dahl",1988,"Matilda","eng",4.33,"https://covers.openlibrary.org/b/id/8233492-M.jpg","A magical and empowering tale of wonder and resilience — clever, warm‑hearted and full of quiet triumph."  
303,"E.B. White",1952,"Charlotte's Web","eng",4.21,"https://covers.openlibrary.org/b/id/8233494-M.jpg","A gentle and touching story of friendship, loyalty, and the bittersweet beauty of growing up."  
304,"Miguel de Cervantes",1605,"Don Quixote","eng",3.75,"https://covers.openlibrary.org/b/id/8233496-M.jpg","A whimsical and philosophical adventure — idealistic, humorous, and tinged with noble madness and charm."  
305,"Fyodor Dostoevsky",1866,"Crime and Punishment","eng",4.11,"https://covers.openlibrary.org/b/id/8233498-M.jpg","A dark and brooding exploration of guilt, morality and redemption — intense, psychological and deeply human."  
306,"Paulo Coelho",1997,"Brida","eng",3.82,"https://covers.openlibrary.org/b/id/8233500-M.jpg","A mystical and introspective journey — spiritual, lyrical, and filled with wonder, self‑discovery, and destiny."  
307,"Khaled Hosseini",2003,"The Kite Runner","eng",4.30,"https://covers.openlibrary.org/b/id/8233502-M.jpg","A powerful and emotional story of friendship, guilt and redemption — haunting, heartfelt and deeply moving."  
308,"Yann Martel",2001,"Life of Pi","eng",3.99,"https://covers.openlibrary.org/b/id/8233504-M.jpg","A wondrous and philosophical voyage of survival — mysterious, reflective, and alive with hope and faith."  
309,"Cormac McCarthy",2006,"The Road","eng",3.87,"https://covers.openlibrary.org/b/id/8233506-M.jpg","A bleak and haunting journey of survival — raw, sorrowful, yet touching in its portrayal of love and endurance."  
310,"Hermann Hesse",1922,"Siddhartha","eng",4.02,"https://covers.openlibrary.org/b/id/8233508-M.jpg","A serene and spiritual quest — meditative, poetic and gently illuminating the path to self‑realization."  
311,"Antoine de Saint‑Exupéry",1943,"The Little Prince","eng",4.28,"https://covers.openlibrary.org/b/id/8233510-M.jpg","A tender and whimsical fable — dreamy, philosophical, and full of child‑like wonder and bittersweet wisdom."  
312,"Victor Hugo",1862,"Les Misérables","eng",4.42,"https://covers.openlibrary.org/b/id/8233512-M.jpg","A sweeping and dramatic epic — passionate, heartbreaking, yet ultimately uplifting in its compassion and hope."  
313,"Leo Tolstoy",1877,"Anna Karenina","eng",4.13,"https://covers.openlibrary.org/b/id/8233514-M.jpg","A richly emotional tapestry of love, betrayal and society — intense, tragic and deeply human."  
314,"Herman Melville",1851,"Moby‑Dick","eng",3.54,"https://covers.openlibrary.org/b/id/8233516-M.jpg","A vast and brooding epic — philosophical, powerful, full of obsession, dread and the sea’s wild majesty."  
315,"Oscar Wilde",1890,"The Picture of Dorian Gray","eng",3.72,"https://covers.openlibrary.org/b/id/8233518-M.jpg","A dark and decadent tale — seductive, unsettling, and hauntingly reflective on beauty, morality and vanity."  
316,"Brontë Sisters",1847,"Wuthering Heights","eng",3.98,"https://covers.openlibrary.org/b/id/8233520-M.jpg","A wild and turbulent story of passion and revenge — brooding, intense, and charged with raw emotion and longing."  
317,"Aldous Huxley",1932,"Brave New World","eng",3.88,"https://covers.openlibrary.org/b/id/8233522-M.jpg","A chilling and provocative vision of the future — dystopian, unsettling, and thought‑provoking about humanity and control."  
318,"George Orwell",1945,"Animal Farm","eng",3.98,"https://covers.openlibrary.org/b/id/8233524-M.jpg","A sharp and satirical allegory — clever, biting, and haunting in its simplicity and depth."  
319,"Louisa May Alcott",1871,"Little Men","eng",3.85,"https://covers.openlibrary.org/b/id/8233526-M.jpg","A warm and gentle story of youth, kindness, and the beauty of growth — comforting, optimistic, and full of innocence."  
320,"J.D. Salinger",1953,"Franny and Zooey","eng",3.79,"https://covers.openlibrary.org/b/id/8233528-M.jpg","An introspective and philosophical glimpse into young adulthood — thoughtful, subtle, and quietly searching for meaning."  
